﻿<?xml version="1.0" encoding="utf-8"?>
<XnaContent xmlns:Emitters="ProjectMercury.Emitters" xmlns:Modifiers="ProjectMercury.Modifiers">
  <Asset Type="ProjectMercury.ParticleEffect">
    <Item Type="Emitters:ConeEmitter">
      <Name>Smoke 1</Name>
      <Budget>500</Budget>
      <Term>3</Term>
      <ReleaseQuantity>1</ReleaseQuantity>
      <Enabled>true</Enabled>
      <ReleaseSpeed>
        <Value>250</Value>
        <Variation>100</Variation>
      </ReleaseSpeed>
      <ReleaseColour>
        <Value>0.5019608 0.5019608 0.5019608</Value>
        <Variation>0 0 0</Variation>
      </ReleaseColour>
      <ReleaseOpacity>
        <Value>1</Value>
        <Variation>0</Variation>
      </ReleaseOpacity>
      <ReleaseScale>
        <Value>16</Value>
        <Variation>0</Variation>
      </ReleaseScale>
      <ReleaseRotation>
        <Value>0</Value>
        <Variation>3.14</Variation>
      </ReleaseRotation>
      <ReleaseImpulse>0 0</ReleaseImpulse>
      <ParticleTextureAssetName>Cloud001</ParticleTextureAssetName>
      <Modifiers>
        <Item Type="Modifiers:DampingModifier">
          <DampingCoefficient>0.95</DampingCoefficient>
        </Item>
        <Item Type="Modifiers:ScaleModifier">
          <InitialScale>64</InitialScale>
          <UltimateScale>256</UltimateScale>
        </Item>
        <Item Type="Modifiers:RotationRateModifier">
          <InitialRate>1.57079637</InitialRate>
          <FinalRate>0</FinalRate>
        </Item>
        <Item Type="Modifiers:LinearGravityModifier">
          <Gravity>150 0</Gravity>
        </Item>
        <Item Type="Modifiers:OpacityInterpolatorModifier">
          <InitialOpacity>0</InitialOpacity>
          <MiddleOpacity>0.5</MiddleOpacity>
          <MiddlePosition>0.1</MiddlePosition>
          <FinalOpacity>0</FinalOpacity>
        </Item>
      </Modifiers>
      <BlendMode>Alpha</BlendMode>
      <TriggerOffset>0 0</TriggerOffset>
      <MinimumTriggerPeriod>0.05</MinimumTriggerPeriod>
      <Direction>-1.57</Direction>
      <ConeAngle>0.6</ConeAngle>
    </Item>
    <Item Type="Emitters:ConeEmitter">
      <Name>Smoke 2</Name>
      <Budget>500</Budget>
      <Term>3</Term>
      <ReleaseQuantity>1</ReleaseQuantity>
      <Enabled>true</Enabled>
      <ReleaseSpeed>
        <Value>250</Value>
        <Variation>100</Variation>
      </ReleaseSpeed>
      <ReleaseColour>
        <Value>0.5019608 0.5019608 0.5019608</Value>
        <Variation>0 0 0</Variation>
      </ReleaseColour>
      <ReleaseOpacity>
        <Value>1</Value>
        <Variation>0</Variation>
      </ReleaseOpacity>
      <ReleaseScale>
        <Value>16</Value>
        <Variation>0</Variation>
      </ReleaseScale>
      <ReleaseRotation>
        <Value>0</Value>
        <Variation>3.14</Variation>
      </ReleaseRotation>
      <ReleaseImpulse>0 0</ReleaseImpulse>
      <ParticleTextureAssetName>Cloud001</ParticleTextureAssetName>
      <Modifiers>
        <Item Type="Modifiers:DampingModifier">
          <DampingCoefficient>0.95</DampingCoefficient>
        </Item>
        <Item Type="Modifiers:ScaleModifier">
          <InitialScale>64</InitialScale>
          <UltimateScale>256</UltimateScale>
        </Item>
        <Item Type="Modifiers:RotationRateModifier">
          <InitialRate>-1.57079637</InitialRate>
          <FinalRate>0</FinalRate>
        </Item>
        <Item Type="Modifiers:LinearGravityModifier">
          <Gravity>150 0</Gravity>
        </Item>
        <Item Type="Modifiers:OpacityInterpolatorModifier">
          <InitialOpacity>0</InitialOpacity>
          <MiddleOpacity>0.5</MiddleOpacity>
          <MiddlePosition>0.1</MiddlePosition>
          <FinalOpacity>0</FinalOpacity>
        </Item>
      </Modifiers>
      <BlendMode>Alpha</BlendMode>
      <TriggerOffset>0 0</TriggerOffset>
      <MinimumTriggerPeriod>0.05</MinimumTriggerPeriod>
      <Direction>-1.57</Direction>
      <ConeAngle>0.6</ConeAngle>
    </Item>
    <Name>BasicSmokePlume</Name>
    <Author>Matt Davey</Author>
    <Description>A basic plume of smoke.</Description>
  </Asset>
</XnaContent>