﻿<?xml version="1.0" encoding="utf-8"?>
<XnaContent xmlns:Emitters="ProjectMercury.Emitters">
  <Asset Type="ProjectMercury.ParticleEffect">
    <Item Type="Emitters:CircleEmitter">
      <Name>Lens Flares</Name>
      <Budget>100</Budget>
      <Term>0.1</Term>
      <ReleaseQuantity>1</ReleaseQuantity>
      <Enabled>true</Enabled>
      <ReleaseSpeed>
        <Value>0</Value>
        <Variation>0</Variation>
      </ReleaseSpeed>
      <ReleaseColour>
        <Value>1 1 1</Value>
        <Variation>0 0 0</Variation>
      </ReleaseColour>
      <ReleaseOpacity>
        <Value>1</Value>
        <Variation>0</Variation>
      </ReleaseOpacity>
      <ReleaseScale>
        <Value>256</Value>
        <Variation>0</Variation>
      </ReleaseScale>
      <ReleaseRotation>
        <Value>0</Value>
        <Variation>0</Variation>
      </ReleaseRotation>
      <ReleaseImpulse>0 0</ReleaseImpulse>
      <ParticleTextureAssetName>LensFlare</ParticleTextureAssetName>
      <Modifiers />
      <BlendMode>Alpha</BlendMode>
      <TriggerOffset>0 0</TriggerOffset>
      <MinimumTriggerPeriod>0</MinimumTriggerPeriod>
      <Radius>250</Radius>
      <Ring>false</Ring>
      <Radiate>false</Radiate>
    </Item>
    <Name>Paparazzi</Name>
    <Author>Matt Davey</Author>
    <Description />
  </Asset>
</XnaContent>