﻿<?xml version="1.0" encoding="utf-8"?>
<XnaContent xmlns:Emitters="ProjectMercury.Emitters" xmlns:Modifiers="ProjectMercury.Modifiers">
  <Asset Type="ProjectMercury.ParticleEffect">
    <Item Type="Emitters:RectEmitter">
      <Name>Particles</Name>
      <Budget>500</Budget>
      <Term>1</Term>
      <ReleaseQuantity>1</ReleaseQuantity>
      <Enabled>true</Enabled>
      <ReleaseSpeed>
        <Value>0</Value>
        <Variation>25</Variation>
      </ReleaseSpeed>
      <ReleaseColour>
        <Value>0 0.7529412 0.7529412</Value>
        <Variation>0 0 0</Variation>
      </ReleaseColour>
      <ReleaseOpacity>
        <Value>1</Value>
        <Variation>0</Variation>
      </ReleaseOpacity>
      <ReleaseScale>
        <Value>16</Value>
        <Variation>0</Variation>
      </ReleaseScale>
      <ReleaseRotation>
        <Value>0</Value>
        <Variation>0</Variation>
      </ReleaseRotation>
      <ReleaseImpulse>0 0</ReleaseImpulse>
      <ParticleTextureAssetName>LensFlare</ParticleTextureAssetName>
      <Modifiers>
        <Item Type="Modifiers:LinearGravityModifier">
          <Gravity>0 -150</Gravity>
        </Item>
        <Item Type="Modifiers:OpacityInterpolatorModifier">
          <InitialOpacity>0</InitialOpacity>
          <MiddleOpacity>1</MiddleOpacity>
          <MiddlePosition>0.5</MiddlePosition>
          <FinalOpacity>0</FinalOpacity>
        </Item>
        <Item Type="Modifiers:ScaleInterpolatorModifier">
          <InitialScale>16</InitialScale>
          <MiddleScale>32</MiddleScale>
          <MiddlePosition>0.5</MiddlePosition>
          <FinalScale>16</FinalScale>
        </Item>
      </Modifiers>
      <BlendMode>Add</BlendMode>
      <TriggerOffset>0 0</TriggerOffset>
      <MinimumTriggerPeriod>0</MinimumTriggerPeriod>
      <Width>100</Width>
      <Height>250</Height>
      <Rotation>0</Rotation>
      <Frame>false</Frame>
    </Item>
    <Item Type="Emitters:RectEmitter">
      <Name>Fast Beams</Name>
      <Budget>500</Budget>
      <Term>0.5</Term>
      <ReleaseQuantity>3</ReleaseQuantity>
      <Enabled>true</Enabled>
      <ReleaseSpeed>
        <Value>0</Value>
        <Variation>0</Variation>
      </ReleaseSpeed>
      <ReleaseColour>
        <Value>0 1 1</Value>
        <Variation>0.1 0 0.1</Variation>
      </ReleaseColour>
      <ReleaseOpacity>
        <Value>1</Value>
        <Variation>0</Variation>
      </ReleaseOpacity>
      <ReleaseScale>
        <Value>256</Value>
        <Variation>0</Variation>
      </ReleaseScale>
      <ReleaseRotation>
        <Value>0</Value>
        <Variation>0</Variation>
      </ReleaseRotation>
      <ReleaseImpulse>0 -50</ReleaseImpulse>
      <ParticleTextureAssetName>Beam</ParticleTextureAssetName>
      <Modifiers>
        <Item Type="Modifiers:OpacityInterpolatorModifier">
          <InitialOpacity>0</InitialOpacity>
          <MiddleOpacity>0.1</MiddleOpacity>
          <MiddlePosition>0.5</MiddlePosition>
          <FinalOpacity>0</FinalOpacity>
        </Item>
      </Modifiers>
      <BlendMode>Add</BlendMode>
      <TriggerOffset>0 0</TriggerOffset>
      <MinimumTriggerPeriod>0.05</MinimumTriggerPeriod>
      <Width>100</Width>
      <Height>100</Height>
      <Rotation>0</Rotation>
      <Frame>false</Frame>
    </Item>
    <Item Type="Emitters:RectEmitter">
      <Name>Slow Beams</Name>
      <Budget>100</Budget>
      <Term>1.5</Term>
      <ReleaseQuantity>3</ReleaseQuantity>
      <Enabled>true</Enabled>
      <ReleaseSpeed>
        <Value>0</Value>
        <Variation>0</Variation>
      </ReleaseSpeed>
      <ReleaseColour>
        <Value>0 0.5019608 0.5019608</Value>
        <Variation>0 0 0.1</Variation>
      </ReleaseColour>
      <ReleaseOpacity>
        <Value>1</Value>
        <Variation>0</Variation>
      </ReleaseOpacity>
      <ReleaseScale>
        <Value>480</Value>
        <Variation>0</Variation>
      </ReleaseScale>
      <ReleaseRotation>
        <Value>0</Value>
        <Variation>0</Variation>
      </ReleaseRotation>
      <ReleaseImpulse>0 -50</ReleaseImpulse>
      <ParticleTextureAssetName>BeamBlurred</ParticleTextureAssetName>
      <Modifiers>
        <Item Type="Modifiers:OpacityInterpolatorModifier">
          <InitialOpacity>0</InitialOpacity>
          <MiddleOpacity>0.3</MiddleOpacity>
          <MiddlePosition>0.5</MiddlePosition>
          <FinalOpacity>0</FinalOpacity>
        </Item>
      </Modifiers>
      <BlendMode>Alpha</BlendMode>
      <TriggerOffset>0 0</TriggerOffset>
      <MinimumTriggerPeriod>0.25</MinimumTriggerPeriod>
      <Width>120</Width>
      <Height>100</Height>
      <Rotation>0</Rotation>
      <Frame>false</Frame>
    </Item>
    <Name>Beam Me Up</Name>
    <Author>Matt Davey</Author>
    <Description />
  </Asset>
</XnaContent>